Cancer	Sample	Fusion	Junction	Spanning	Breakpoint1	Breakpoint2
BLCA	TCGA-ZF-AA4T-01A-11R-A38B-07	MLLT6--TCAP	340	2209	chr17:38705741:+	chr17:39665373:+
BLCA	TCGA-ZF-AA4T-01A-11R-A38B-07	SRCIN1--PSMB3	12	153	chr17:38605633:-	chr17:38762411:+
BLCA	TCGA-ZF-AA4T-01A-11R-A38B-07	CDK12--IKZF3	30	63	chr17:39501439:+	chr17:39832151:-
BLCA	TCGA-ZF-AA4T-01A-11R-A38B-07	LIPG--UCMA	7	36	chr18:49569548:+	chr10:13233800:-
BLCA	TCGA-ZF-AA4T-01A-11R-A38B-07	SRCIN1--CWC25	1	48	chr17:38574876:-	chr17:38821073:-
BLCA	TCGA-ZF-AA4T-01A-11R-A38B-07	IKZF3--SRCIN1	3	31	chr17:39829387:-	chr17:38596129:-
BLCA	TCGA-ZF-AA4T-01A-11R-A38B-07	WDR6--CPNE8	6	12	chr3:49007531:+	chr12:38654070:-
BLCA	TCGA-ZF-AA4T-01A-11R-A38B-07	GNGT1--NUDT5	2	23	chr7:93591771:+	chr10:12170770:-
BLCA	TCGA-ZF-AA4T-01A-11R-A38B-07	SEC13--GOLPH3L	5	6	chr3:10321050:-	chr1:150661928:-
BLCA	TCGA-ZF-AA4T-01A-11R-A38B-07	MLLT6--PNMT	3	9	chr17:38705741:+	chr17:39669629:+
BLCA	TCGA-ZF-AA4T-01A-11R-A38B-07	L3MBTL4--TRDMT1	3	7	chr18:6237964:-	chr10:17174660:-
BLCA	TCGA-ZF-AA4T-01A-11R-A38B-07	CDK12--PLXDC1	1	10	chr17:39463117:+	chr17:39087702:-
BLCA	TCGA-ZF-AA4T-01A-11R-A38B-07	IMPA2--THEM7P	1	7	chr18:12014373:+	chr11:32230361:-
BLCA	TCGA-ZF-AA4T-01A-11R-A38B-07	MYO5B--DCC	2	3	chr18:50194767:-	chr18:52752054:+
BLCA	TCGA-ZF-AA4T-01A-11R-A38B-07	KLHL5--TMEM156	1	5	chr4:39115330:+	chr4:38971137:-
BLCA	TCGA-ZF-AA4V-01A-11R-A38B-07	GPX4--MIDN	1	34	chr19:1106459:+	chr19:1256995:+
BLCA	TCGA-ZF-AA4V-01A-11R-A38B-07	CSNK1D--DUS1L	3	10	chr17:82245976:-	chr17:82065069:-
BLCA	TCGA-ZF-AA4V-01A-11R-A38B-07	NIPBL--MRPS30	4	4	chr5:36877178:+	chr5:44811009:+
BLCA	TCGA-ZF-AA4V-01A-11R-A38B-07	CPSF6--EXOC3	2	5	chr12:69262562:+	chr5:464290:+
BLCA	TCGA-ZF-AA4W-01A-12R-A38B-07	ZNF316--MAD1L1	1	2	chr7:6644593:+	chr7:1816228:-
BLCA	TCGA-ZF-AA51-01A-21R-A39I-07	SRP68--CDK3	7	31	chr17:76046038:-	chr17:76005298:+
BLCA	TCGA-ZF-AA51-01A-21R-A39I-07	MARK2--C11orf84	4	11	chr11:63839560:+	chr11:63817805:+
BLCA	TCGA-ZF-AA51-01A-21R-A39I-07	TAB2--PPP1R14C	2	12	chr6:149397764:+	chr6:150214744:+
BLCA	TCGA-ZF-AA51-01A-21R-A39I-07	ZNF665--NLRP12	1	12	chr19:53182884:-	chr19:53796029:-
BLCA	TCGA-ZF-AA51-01A-21R-A39I-07	PTPN6--LRRC23	2	7	chr12:6952177:+	chr12:6905585:+
BLCA	TCGA-ZF-AA51-01A-21R-A39I-07	DLG3--MED12	2	3	chrX:70454316:+	chrX:71127893:+
BLCA	TCGA-ZF-AA51-01A-21R-A39I-07	R3HDM4--TMEM259	2	3	chr19:913087:-	chr19:1014473:-
BLCA	TCGA-ZF-AA51-01A-21R-A39I-07	ADORA2B--PIGL	1	4	chr17:15945583:+	chr17:16299888:+
BLCA	TCGA-ZF-AA53-01A-11R-A39I-07	ZNF485--TMX4	3	1	chr10:43609350:+	chr20:7977624:-
BLCA	TCGA-ZF-AA53-01A-11R-A39I-07	GALNT1--DSCAS	2	4	chr18:35663802:+	chr18:31150799:+
BLCA	TCGA-ZF-AA53-01A-11R-A39I-07	NEURL3--FAM178B	1	4	chr2:96505259:-	chr2:96878493:-
BLCA	TCGA-ZF-AA58-01A-12R-A42T-07	PALLD--TMEM53	12	86	chr4:168832171:+	chr1:44660295:-
BLCA	TCGA-ZF-AA58-01A-12R-A42T-07	FBXO17--OSBPL6	10	54	chr19:38975586:-	chr2:178394313:+
BLCA	TCGA-ZF-AA58-01A-12R-A42T-07	SAMD4B--FBXO27	7	13	chr19:39357089:+	chr19:39032253:-
BLCA	TCGA-ZF-AA5P-01A-11R-A39I-07	DCAF8--FCRLA	6	25	chr1:160261285:-	chr1:161713085:+
BLCA	TCGA-ZF-AA5P-01A-11R-A39I-07	MAN1A1--IFNGR2	3	5	chr6:119301988:-	chr21:33478798:+
BLCA	TCGA-ZF-AA5P-01A-11R-A39I-07	PPM1H--DNAJC15	2	7	chr12:62933923:-	chr13:43065686:+
BLCA	TCGA-ZF-AA5P-01A-11R-A39I-07	B4GALT5--MUC22	1	8	chr20:49640478:-	chr6:31032196:+
BLCA	TCGA-ZF-AA5P-01A-11R-A39I-07	NRIP1--DECR1	2	3	chr21:15014344:-	chr8:90042728:+
BLCA	TCGA-ZF-AA5P-01A-11R-A39I-07	PPP1R12A--LIN7A	1	2	chr12:79820774:-	chr12:80889369:-
BRCA	TCGA-D8-A1XJ-01A-11R-A14M-07	STARD3--C17orf98	50	179	chr17:39653750:+	chr17:38835346:-
BRCA	TCGA-D8-A1XJ-01A-11R-A14M-07	KIAA0319L--PHC2	37	111	chr1:35442246:-	chr1:33325019:-
BRCA	TCGA-D8-A1XJ-01A-11R-A14M-07	FBXL20--RPL23	33	81	chr17:39401361:-	chr17:38853105:-
BRCA	TCGA-D8-A1XJ-01A-11R-A14M-07	TADA2A--STARD3	20	84	chr17:37411390:+	chr17:39653481:+
BRCA	TCGA-D8-A1XJ-01A-11R-A14M-07	GNAS--NECTIN2	23	51	chr20:58895684:+	chr19:44882211:+
BRCA	TCGA-D8-A1XJ-01A-11R-A14M-07	MED1--PIP4K2B	2	95	chr17:39451038:-	chr17:38786920:-
BRCA	TCGA-D8-A1XJ-01A-11R-A14M-07	ERBB2--MED1	14	17	chr17:39717480:+	chr17:39415339:-
BRCA	TCGA-D8-A1XJ-01A-11R-A14M-07	THRA--TADA2A	12	21	chr17:40063092:+	chr17:37411269:+
BRCA	TCGA-D8-A1XJ-01A-11R-A14M-07	ACSS1--PHACTR3	8	21	chr20:25057769:-	chr20:59743107:+
BRCA	TCGA-D8-A1XJ-01A-11R-A14M-07	C17orf98--CDK12	4	16	chr17:38835213:-	chr17:39564760:+
BRCA	TCGA-D8-A1XJ-01A-11R-A14M-07	PIP4K2B--FBXL20	3	19	chr17:38799266:-	chr17:39343241:-
BRCA	TCGA-D8-A1XJ-01A-11R-A14M-07	STK24--DOCK9	2	17	chr13:98519243:-	chr13:98800478:-
BRCA	TCGA-D8-A1XJ-01A-11R-A14M-07	ACACA--MED24	4	8	chr17:37406262:-	chr17:40053635:-
BRCA	TCGA-D8-A1XJ-01A-11R-A14M-07	FBXL20--ARL5C	1	4	chr17:39274970:-	chr17:39166617:-
BRCA	TCGA-E2-A15A-01A-11R-A12D-07	KAT6A--ADAM2	56	279	chr8:42048378:-	chr8:39769575:-
BRCA	TCGA-E2-A15A-01A-11R-A12D-07	NSD3--ANK1	8	261	chr8:38347497:-	chr8:41758137:-
BRCA	TCGA-E2-A15A-01A-11R-A12D-07	DYRK1A--KDM4B	13	9	chr21:37367628:+	chr19:5039836:+
BRCA	TCGA-E2-A15A-01A-11R-A12D-07	PRICKLE3--CACNA1F	6	31	chrX:49183734:-	chrX:49209393:-
BRCA	TCGA-E2-A15A-01A-11R-A12D-07	ASH2L--MGME1	5	34	chr8:38114287:+	chr20:17988166:+
BRCA	TCGA-E2-A15A-01A-11R-A12D-07	PPP6R3--FADD	3	39	chr11:68460827:+	chr11:70206133:+
BRCA	TCGA-E2-A15A-01A-11R-A12D-07	ATP1A1--VANGL1	6	20	chr1:116373523:+	chr1:115663661:+
BRCA	TCGA-E2-A15A-01A-11R-A12D-07	GALNT11--FKBP3	2	11	chr7:152027718:+	chr14:45130800:-
BRCA	TCGA-E2-A15A-01A-11R-A12D-07	ALG8--OXA1L	3	6	chr11:78101093:-	chr14:22767958:+
BRCA	TCGA-E2-A15A-01A-11R-A12D-07	FAM168A--UVRAG	3	5	chr11:73597923:-	chr11:75861746:+
BRCA	TCGA-E2-A15A-01A-11R-A12D-07	WWP1--ATP6V0D2	1	12	chr8:86369031:+	chr8:86139457:+
BRCA	TCGA-E2-A15A-01A-11R-A12D-07	MED13L--DGKH	1	8	chr12:116003003:-	chr13:42208959:+
BRCA	TCGA-E2-A15A-01A-11R-A12D-07	DGKH--MED13L	1	7	chr13:42221394:+	chr12:116022601:-
BRCA	TCGA-E2-A15A-01A-11R-A12D-07	STMN3--PTK6	1	7	chr20:63657350:-	chr20:63530927:-
BRCA	TCGA-E2-A15A-01A-11R-A12D-07	FKBP3--NUB1	2	2	chr14:45129794:-	chr7:151366939:+
BRCA	TCGA-LL-A5YN-01A-11R-A28M-07	MED1--ODF3L2	12	88	chr17:39447798:-	chr19:464364:-
BRCA	TCGA-LL-A5YN-01A-11R-A28M-07	HERC1--PCLAF	2	28	chr15:63677845:-	chr15:64366075:-
BRCA	TCGA-LL-A5YN-01A-11R-A28M-07	CDKAL1--MTUS2-AS2	5	12	chr6:20548705:+	chr13:29239958:-
BRCA	TCGA-LL-A5YN-01A-11R-A28M-07	RABEP1--CDRT8	4	6	chr17:5308822:+	chr17:15105543:-
BRCA	TCGA-LL-A5YO-01A-21R-A28M-07	TRPV6--KEL	12	66	chr7:142885389:-	chr7:142943883:-
BRCA	TCGA-LL-A5YO-01A-21R-A28M-07	BSPRY--NPM1	1	32	chr9:113360737:+	chr5:171410527:+
BRCA	TCGA-LL-A5YP-01A-21R-A28M-07	NCBP3--CAMKK1	4	25	chr17:3843086:-	chr17:3880434:-
BRCA	TCGA-LL-A5YP-01A-21R-A28M-07	SUPT6H--UTP6	2	7	chr17:28662342:+	chr17:31875413:-
BRCA	TCGA-LL-A5YP-01A-21R-A28M-07	RSF1--FBXW4	1	7	chr11:77820528:-	chr10:101676436:-
BRCA	TCGA-LL-A6FQ-01A-11R-A31O-07	PLCB3--PGA5	37	49	chr11:64255616:+	chr11:61245946:+
BRCA	TCGA-LL-A6FQ-01A-11R-A31O-07	NEU3--POLA2	10	16	chr11:74994720:+	chr11:65275892:+
BRCA	TCGA-LL-A6FQ-01A-11R-A31O-07	LRP5--MADD	3	19	chr11:68441381:+	chr11:47323671:+
BRCA	TCGA-LL-A6FQ-01A-11R-A31O-07	C11orf49--PPME1	2	12	chr11:46936851:+	chr11:74230245:+
BRCA	TCGA-LL-A6FQ-01A-11R-A31O-07	CELF1--LUZP2	2	8	chr11:47499453:-	chr11:25050038:+
BRCA	TCGA-LL-A6FR-01A-12R-A31O-07	ACLY--DNAJC7	147	483	chr17:41901696:-	chr17:41977323:-
BRCA	TCGA-LL-A6FR-01A-12R-A31O-07	PATZ1--PKIB	1	5	chr22:31342897:-	chr6:122585921:+
BRCA	TCGA-XX-A899-01A-11R-A36F-07	PAK1--SHANK2	30	82	chr11:77473552:-	chr11:70661678:-
BRCA	TCGA-XX-A899-01A-11R-A36F-07	PAK1--CWF19L2	12	24	chr11:77473552:-	chr11:107455776:-
BRCA	TCGA-XX-A899-01A-11R-A36F-07	RSF1--ADAM2	6	33	chr11:77747036:-	chr8:39749744:-
BRCA	TCGA-XX-A899-01A-11R-A36F-07	EMSY--SHANK2	5	25	chr11:76526635:+	chr11:70661678:-
BRCA	TCGA-XX-A899-01A-11R-A36F-07	XRRA1--GUCY1A2	3	24	chr11:74945018:-	chr11:106776582:-
BRCA	TCGA-XX-A899-01A-11R-A36F-07	COMMD10--CHSY3	2	3	chr5:116134178:+	chr5:130184229:+
BRCA	TCGA-XX-A899-01A-11R-A36F-07	HOOK3--C2CD3	1	3	chr8:43010405:+	chr11:74054671:-
BRCA	TCGA-Z7-A8R6-01A-11R-A41B-07	PGM2L1--PPME1	10	44	chr11:74398051:-	chr11:74250954:+
BRCA	TCGA-Z7-A8R6-01A-11R-A41B-07	BRD7--ZNF423	5	21	chr16:50354425:-	chr16:49525494:-
BRCA	TCGA-Z7-A8R6-01A-11R-A41B-07	ARHGEF3--FAM208A	1	7	chr3:56958823:-	chr3:56673725:-
CESC	TCGA-MY-A913-01A-11R-A37O-07	DCUN1D5--WTAPP1	6	49	chr11:103083256:-	chr11:102798024:+
CESC	TCGA-MY-A913-01A-11R-A37O-07	DYNC2H1--CEP126	1	3	chr11:103358359:+	chr11:101992778:+
CESC	TCGA-MY-A913-01A-11R-A37O-07	DYNC2H1--MMP1	1	3	chr11:103170290:+	chr11:102795291:-
CESC	TCGA-Q1-A6DW-01A-11R-A32P-07	CADPS2--RPGR	1	7	chr7:122438341:-	chrX:38291484:-
CESC	TCGA-Q1-A73R-01A-11R-A33Z-07	ERBB2--PPP1R1B	4508	19965	chr17:39727547:+	chr17:39635607:+
CESC	TCGA-Q1-A73R-01A-11R-A33Z-07	FGFR3--TACC3	6	16	chr4:1807220:+	chr4:1740894:+
CESC	TCGA-Q1-A73R-01A-11R-A33Z-07	PGAP3--PNMT	1	33	chr17:39687834:-	chr17:39669629:+
CESC	TCGA-VS-A9V0-01A-11R-A42T-07	PLXNB2--ST3GAL1	40	122	chr22:50280005:-	chr8:133499189:-
CESC	TCGA-VS-A9V0-01A-11R-A42T-07	OGFOD3--EIF1	21	29	chr17:82411455:-	chr17:41690782:+
CESC	TCGA-VS-A9V0-01A-11R-A42T-07	FOXK2--AMBRA1	5	18	chr17:82520307:+	chr11:46397943:-
CESC	TCGA-VS-A9V0-01A-11R-A42T-07	FOXK2--CHRM4	5	2	chr17:82520307:+	chr11:46386586:-
CESC	TCGA-VS-A9V0-01A-11R-A42T-07	NFIC--TLE6	1	17	chr19:3382243:+	chr19:2980100:+
CESC	TCGA-VS-A9V0-01A-11R-A42T-07	BORCS8--TM6SF2	3	6	chr19:19192081:-	chr19:19268087:-
CESC	TCGA-VS-A9V0-01A-11R-A42T-07	SLC9A3R1--RAB37	2	10	chr17:74763520:+	chr17:74729256:+
CESC	TCGA-VS-A9V0-01A-11R-A42T-07	S100P--BZW2	3	1	chr4:6694070:+	chr7:16674412:+
CESC	TCGA-VS-A9V0-01A-11R-A42T-07	PREP--HOTAIRM1	2	3	chr6:105397853:-	chr7:27099779:+
CESC	TCGA-VS-A9V0-01A-11R-A42T-07	PIK3R3--MOB3C	2	1	chr1:46077515:-	chr1:46613371:-
CESC	TCGA-VS-A9V0-01A-11R-A42T-07	FBLIM1--DNAH14	1	4	chr1:15774796:+	chr1:225231073:+
CESC	TCGA-VS-A9V0-01A-11R-A42T-07	NCALD--UBR5	1	3	chr8:102020237:-	chr8:102305295:-
COAD	TCGA-D5-5538-01A-01R-1653-07	KCNQ1--GALNTL6	10	36	chr11:2778037:+	chr4:173009178:+
COAD	TCGA-D5-5538-01A-01R-1653-07	FAT1--NPY1R	1	3	chr4:186726354:-	chr4:163326705:-
COAD	TCGA-DM-A1HA-01A-11R-A155-07	PANK2--PAK5	6	20	chr20:3889728:+	chr20:9644339:-
COAD	TCGA-DM-A1HA-01A-11R-A155-07	FHOD3--MTUS2	2	10	chr18:36760782:+	chr13:29480150:+
COAD	TCGA-DM-A1HA-01A-11R-A155-07	GUSBP11--MIF	1	12	chr22:23686831:-	chr22:23894772:+
COAD	TCGA-DM-A1HA-01A-11R-A155-07	SLC23A2--CDS2	1	7	chr20:5001406:-	chr20:5182387:+
COAD	TCGA-DM-A1HA-01A-11R-A155-07	TAOK1--ANKRD13B	2	1	chr17:29391024:+	chr17:29607742:+
COAD	TCGA-DM-A280-01A-12R-A16W-07	TRIM36--MCTP1	2	5	chr5:115144598:-	chr5:95017484:-
COAD	TCGA-DM-A288-01A-11R-A16W-07	CHD1--RGMB	9	39	chr5:98879552:-	chr5:98793085:+
COAD	TCGA-DM-A28A-01A-21R-A32Y-07	NT5C2--ARL3	7	25	chr10:103139406:-	chr10:102689943:-
COAD	TCGA-DM-A28A-01A-21R-A32Y-07	ORMDL1--RALGDS	7	17	chr2:189784269:-	chr9:133104331:-
COAD	TCGA-DM-A28A-01A-21R-A32Y-07	ANKHD1--USO1	4	11	chr5:140513479:+	chr4:75752373:+
COAD	TCGA-DM-A28A-01A-21R-A32Y-07	RASA3--SCARA3	4	5	chr13:113999585:-	chr8:27670900:+
COAD	TCGA-DM-A28A-01A-21R-A32Y-07	MRRF--TTLL11	3	8	chr9:122291840:+	chr9:121870748:-
COAD	TCGA-DM-A28A-01A-21R-A32Y-07	CCDC171--CNTLN	2	2	chr9:15784694:+	chr9:17457524:+
COAD	TCGA-DM-A28A-01A-21R-A32Y-07	SEPT11--WWC2	1	4	chr4:76949930:+	chr4:183193599:+
COAD	TCGA-DM-A28F-01A-11R-A32Y-07	MIPEP--MYO16	5	29	chr13:23805950:-	chr13:108855443:+
COAD	TCGA-DM-A28F-01A-11R-A32Y-07	MIPEP--POLR1D	4	9	chr13:23805950:-	chr13:27738707:+
COAD	TCGA-DM-A28F-01A-11R-A32Y-07	BPNT1--RAB3GAP2	2	12	chr1:220089686:-	chr1:220154057:-
COAD	TCGA-DM-A28F-01A-11R-A32Y-07	PROSER1--MIPEP	2	10	chr13:39029281:-	chr13:23870195:-
COAD	TCGA-DM-A28F-01A-11R-A32Y-07	CARD11--ZNRD1	1	7	chr7:3043667:-	chr6:30061515:+
COAD	TCGA-DM-A28F-01A-11R-A32Y-07	TMEM223--SLC22A6	1	7	chr11:62791679:-	chr11:62936486:-
COAD	TCGA-F4-6459-01A-11R-1774-07	MED14--SRPX	19	80	chrX:40688454:-	chrX:38149894:-
COAD	TCGA-F4-6459-01A-11R-1774-07	MTUS2--PTPN14	8	70	chr13:28820611:+	chr1:214402953:-
COAD	TCGA-F4-6459-01A-11R-1774-07	MAP3K13--NSUN2	1	17	chr3:185328962:+	chr5:6625669:-
COAD	TCGA-F4-6459-01A-11R-1774-07	ZNF717--FOXP1	3	5	chr3:75783306:-	chr3:71493555:-
COAD	TCGA-F4-6461-01A-11R-1774-07	FRYL--CORIN	5	39	chr4:48570827:-	chr4:47626521:-
COAD	TCGA-F4-6461-01A-11R-1774-07	DHX8--PPY	3	6	chr17:43484185:+	chr17:43941214:-
COAD	TCGA-F4-6461-01A-11R-1774-07	SIN3A--SEMA7A	1	7	chr15:75451423:-	chr15:74418952:-
COAD	TCGA-F4-6461-01A-11R-1774-07	LDLRAD4--DLGAP1	1	3	chr18:13621271:+	chr18:3582248:-
COAD	TCGA-QL-A97D-01A-12R-A41B-07	CMIP--UBE2G1	2	6	chr16:81445541:+	chr17:4307123:-
COAD	TCGA-QL-A97D-01A-12R-A41B-07	DOCK9--USH2A	1	5	chr13:98955435:-	chr1:215639238:-
COAD	TCGA-RU-A8FL-01A-11R-A37K-07	GRSF1--ELFN2	1	14	chr4:70832307:-	chr22:37375996:-
COAD	TCGA-RU-A8FL-01A-11R-A37K-07	CSPP1--TERF1	2	8	chr8:67103135:+	chr8:73045961:+
COAD	TCGA-RU-A8FL-01A-11R-A37K-07	PRKDC--CLVS1	1	10	chr8:47912410:-	chr8:61292318:+
COAD	TCGA-RU-A8FL-01A-11R-A37K-07	UFM1--EEF1D	1	6	chr13:38350055:+	chr8:143586852:-
COAD	TCGA-RU-A8FL-01A-11R-A37K-07	UFM1--PSPC1	1	3	chr13:38350055:+	chr13:19677823:-
COAD	TCGA-T9-A92H-01A-11R-A37K-07	TRIP12--PID1	1	5	chr2:229813870:-	chr2:229026108:-
ESCA	TCGA-S8-A6BW-01A-11R-A31P-31	ANKS3--SEPT12	19	4	chr16:4724750:-	chr16:4779786:-
ESCA	TCGA-Z6-A8JE-01A-11R-A37I-31	CSNK1A1--FOXL2NB	14	3	chr5:149550075:-	chr3:138949512:+
ESCA	TCGA-Z6-A9VB-01A-21R-A37I-31	NADSYN1--DHCR7	17	1	chr11:71491903:+	chr11:71444958:-
ESCA	TCGA-Z6-AAPN-01A-11R-A406-31	EXT1--TSNARE1	24	6	chr8:118110085:-	chr8:142212313:-
GBM	TCGA-06-5412-01A-01R-1849-01	RREB1--EEF1E1	7	7	chr6:7108060:+	chr6:8097467:-
GBM	TCGA-06-5412-01A-01R-1849-01	CDC5L--PAQR8	6	10	chr6:44408632:+	chr6:52403162:+
GBM	TCGA-06-5412-01A-01R-1849-01	GLIPR1L2--NDUFA12	3	2	chr12:75391350:+	chr12:94897310:-
GBM	TCGA-06-5413-01A-01R-1849-01	AKAP6--EGLN3	128	56	chr14:32433817:+	chr14:33931215:-
GBM	TCGA-06-5413-01A-01R-1849-01	MEX3C--ATP9B	4	1	chr18:51196567:-	chr18:79277054:+
GBM	TCGA-06-5413-01A-01R-1849-01	NR2F2--DCC	3	3	chr15:96334603:+	chr18:53066046:+
GBM	TCGA-06-5413-01A-01R-1849-01	RTTN--MAPK4	2	7	chr18:70199414:-	chr18:50663089:+
GBM	TCGA-06-5413-01A-01R-1849-01	RGS6--AKAP6	1	2	chr14:72352194:+	chr14:32577120:+
GBM	TCGA-06-5417-01A-01R-1849-01	PTPRZ1--MET	2	2	chr7:121873557:+	chr7:116699071:+
GBM	TCGA-06-5418-01A-01R-1849-01	CEP85L--ROS1	7	9	chr6:118481779:-	chr6:117320030:-
GBM	TCGA-06-5856-01A-01R-1849-01	SUDS3--CDK4	108	85	chr12:118391282:+	chr12:57751736:-
GBM	TCGA-06-5856-01A-01R-1849-01	SETD1B--KDM2B	115	44	chr12:121810835:+	chr12:121575859:-
GBM	TCGA-06-5856-01A-01R-1849-01	C12orf49--SRRM4	74	21	chr12:116737790:-	chr12:119162671:+
GBM	TCGA-06-5856-01A-01R-1849-01	TMEM120B--AVIL	67	29	chr12:121712964:+	chr12:57799920:-
GBM	TCGA-06-5856-01A-01R-1849-01	NAA60--IL32	52	72	chr16:3458181:+	chr16:3065784:+
GBM	TCGA-06-5856-01A-01R-1849-01	KDM2B--KSR2	43	16	chr12:121548877:-	chr12:117860431:-
GBM	TCGA-06-5856-01A-01R-1849-01	CTDSP2--MDM2	40	26	chr12:57846372:-	chr12:68809208:+
GBM	TCGA-06-5856-01A-01R-1849-01	VASN--RBFOX1	22	10	chr16:4371993:+	chr16:7709056:+
GBM	TCGA-06-5856-01A-01R-1849-01	HLCS--MIR99AHG	15	8	chr21:36962036:-	chr21:16487490:+
GBM	TCGA-06-5856-01A-01R-1849-01	TOP3B--IGLVIV-66-1	12	6	chr22:21963923:-	chr22:22058479:+
GBM	TCGA-06-5856-01A-01R-1849-01	C12orf49--HSPB8	11	9	chr12:116737790:-	chr12:119187025:+
GBM	TCGA-06-5856-01A-01R-1849-01	RANBP3--PRM1	11	5	chr19:5927968:-	chr16:11281230:-
GBM	TCGA-06-5856-01A-01R-1849-01	CRACR2A--C12orf4	9	11	chr12:3673446:-	chr12:4491234:-
GBM	TCGA-06-5856-01A-01R-1849-01	NUDT16L1--FAHD1	8	4	chr16:4694238:+	chr16:1838016:+
GBM	TCGA-06-5856-01A-01R-1849-01	CENPU--CFAP97	8	2	chr4:184710072:-	chr4:185161962:-
GBM	TCGA-06-5856-01A-01R-1849-01	LRP1--IGLVIV-66-1	7	5	chr12:57185205:+	chr22:22058479:+
GBM	TCGA-06-5856-01A-01R-1849-01	TAOK3--ATP23	7	0	chr12:118372648:-	chr12:57945628:+
GBM	TCGA-06-5856-01A-01R-1849-01	CNOT2--ERBB3	3	2	chr12:70278274:+	chr12:56100174:+
GBM	TCGA-06-5856-01A-01R-1849-01	CRAMP1--TVP23A	3	2	chr16:1641187:+	chr16:10775096:-
GBM	TCGA-06-5856-01A-01R-1849-01	RPL41--NACA	1	7	chr12:56117211:+	chr12:56714687:-
GBM	TCGA-06-5856-01A-01R-1849-01	RAB3IP--ERBB3	2	2	chr12:69756663:+	chr12:56083751:+
GBM	TCGA-06-5856-01A-01R-1849-01	KNTC1--METTL7A	2	1	chr12:122539754:+	chr12:50925037:+
GBM	TCGA-06-5856-01A-01R-1849-01	TSFM--IFNG	1000	1000	chr12:57786291:+	chr12:68155365:-
GBM	TCGA-06-5859-01A-01R-1849-01	MAP3K13--CD37	32	13	chr3:185285643:+	chr19:49336909:+
GBM	TCGA-06-5859-01A-01R-1849-01	SMAD4--CPLX4	14	17	chr18:51059916:+	chr18:59276734:-
GBM	TCGA-06-5859-01A-01R-1849-01	SMAD4--RAX	10	4	chr18:51059916:+	chr18:59269501:-
GBM	TCGA-06-5859-01A-01R-1849-01	DDIT3--GLI1	4	9	chr12:57520418:-	chr12:57463665:+
GBM	TCGA-06-5859-01A-01R-1849-01	R3HDM2--TSFM	4	0	chr12:57430720:-	chr12:57796177:+
GBM	TCGA-06-5859-01A-01R-1849-01	GLI1--DCTN2	3	0	chr12:57460201:+	chr12:57535845:-
GBM	TCGA-76-4932-01A-01R-1850-01	TMEM200B--KHDRBS1	2	2	chr1:29123856:-	chr1:32060163:+
HNSC	TCGA-CV-5978-01A-11R-1686-07	ADD1--ADK	7	30	chr4:2844024:+	chr10:74394141:+
HNSC	TCGA-CV-5979-01A-11R-1686-07	GABARAP--GPS2	28	63	chr17:7241424:-	chr17:7314659:-
HNSC	TCGA-CV-5979-01A-11R-1686-07	IPO9--CSRP1	1	1	chr1:201871327:+	chr1:201496304:-
HNSC	TCGA-CV-6433-01A-11R-1686-07	RALY--ASXL1	3	12	chr20:34031604:+	chr20:32428128:+
HNSC	TCGA-CV-6441-01A-11R-1686-07	HSPB11--NDC1	5	54	chr1:53923904:-	chr1:53772489:-
HNSC	TCGA-CV-6441-01A-11R-1686-07	OPA3--EML2	3	30	chr19:45584623:-	chr19:45642352:-
HNSC	TCGA-CV-6935-01A-11R-1915-07	ATAD2--ERBB4	5	24	chr8:123369058:-	chr2:211665477:-
HNSC	TCGA-CV-6936-01A-11R-1915-07	LMAN2L--FAM178B	2	29	chr2:96734409:-	chr2:96929320:-
HNSC	TCGA-CV-6937-01A-11R-2016-07	PI4KA--CCDC74BP1	48	193	chr22:20793193:-	chr22:20592100:-
HNSC	TCGA-CV-6937-01A-11R-2016-07	FKBP1A--CDS2	10	64	chr20:1392834:-	chr20:5189067:+
HNSC	TCGA-CV-6937-01A-11R-2016-07	ATP11B--TFRC	4	30	chr3:182869331:+	chr3:196058632:-
HNSC	TCGA-CV-6937-01A-11R-2016-07	SMPD4P1--KLHL22	6	10	chr22:20613663:-	chr22:20471515:-
HNSC	TCGA-CV-6937-01A-11R-2016-07	KIAA1549L--WARS2	4	10	chr11:33574873:+	chr1:119076607:-
HNSC	TCGA-CV-6937-01A-11R-2016-07	KLHL22--KIAA1549L	1	5	chr22:20464858:-	chr11:33656012:+
HNSC	TCGA-DQ-7591-01A-11R-2081-07	KPNA6--RHCE	54	74	chr1:32108134:+	chr1:25370540:-
HNSC	TCGA-DQ-7591-01A-11R-2081-07	WDTC1--TMEM39B	6	52	chr1:27234951:+	chr1:32074951:+
HNSC	TCGA-DQ-7591-01A-11R-2081-07	MAD1L1--SERGEF	9	23	chr7:2149152:-	chr11:17788413:-
HNSC	TCGA-DQ-7591-01A-11R-2081-07	PARD6G--CHST1	2	22	chr18:80202710:-	chr11:45652606:-
HNSC	TCGA-DQ-7591-01A-11R-2081-07	KIF3B--NINL	4	7	chr20:32316874:+	chr20:25526598:-
HNSC	TCGA-DQ-7591-01A-11R-2081-07	CS--MUCL1	3	6	chr12:56291631:-	chr12:54858193:+
HNSC	TCGA-DQ-7591-01A-11R-2081-07	GINS1--DEFB123	1	14	chr20:25407895:+	chr20:31450029:+
HNSC	TCGA-DQ-7591-01A-11R-2081-07	DNAJC8--KDF1	1	8	chr1:28232921:-	chr1:26952412:-
HNSC	TCGA-DQ-7591-01A-11R-2081-07	PHB2--RBP5	2	3	chr12:6970196:-	chr12:7124730:-
HNSC	TCGA-DQ-7591-01A-11R-2081-07	TASP1--AHCY	1	7	chr20:13528446:-	chr20:34295585:-
HNSC	TCGA-DQ-7591-01A-11R-2081-07	SNRNP40--EPB41	1	3	chr1:31289254:-	chr1:29039254:+
HNSC	TCGA-DQ-7592-01A-11R-2081-07	DHTKD1--CDC123	13	65	chr10:12069187:+	chr10:12230948:+
HNSC	TCGA-DQ-7592-01A-11R-2081-07	FRS2--LEMD3	2	25	chr12:69470530:+	chr12:65210926:+
HNSC	TCGA-DQ-7592-01A-11R-2081-07	SMO--STRIP2	1	2	chr7:129209397:+	chr7:129464612:+
KIRP	TCGA-BQ-7050-01A-11R-1965-07	PRCC--TFE3	41	78	chr1:156768239:+	chrX:49038442:-
KIRP	TCGA-BQ-7051-01A-12R-1965-07	TRABD2B--BEND5	100	391	chr1:47994034:-	chr1:48728043:-
KIRP	TCGA-DW-7839-01A-11R-2139-07	FGFR3--TACC3	2	4	chr4:1806934:+	chr4:1739702:+
KIRP	TCGA-P4-A5EB-01A-11R-A28H-07	PPARA--SAMM50	39	572	chr22:46176836:+	chr22:43989111:+
KIRP	TCGA-P4-A5EB-01A-11R-A28H-07	SDHA--MIF	39	173	chr5:236599:+	chr22:23894772:+
KIRP	TCGA-P4-A5EB-01A-11R-A28H-07	PICK1--PDCD6	23	66	chr22:38074967:+	chr5:311293:+
KIRP	TCGA-P4-A5EB-01A-11R-A28H-07	BCL2L13--GTPBP1	6	75	chr22:17638886:+	chr22:38730612:+
KIRP	TCGA-P4-A5EB-01A-11R-A28H-07	KLHL22--RANGAP1	9	42	chr22:20446443:-	chr22:41256824:-
KIRP	TCGA-P4-A5EB-01A-11R-A28H-07	PLXNB2--MAST4	10	30	chr22:50283602:-	chr5:66899951:+
KIRP	TCGA-P4-A5EB-01A-11R-A28H-07	KIAA1671--NLN	8	9	chr22:24952772:+	chr5:65809515:+
KIRP	TCGA-P4-A5EB-01A-11R-A28H-07	ZFR--RAI14	4	25	chr5:32444229:-	chr5:34795939:+
KIRP	TCGA-P4-A5EB-01A-11R-A28H-07	CLPTM1L--SCUBE1	3	26	chr5:1322877:-	chr22:43255577:-
KIRP	TCGA-P4-A5EB-01A-11R-A28H-07	ADSL--CDH18	4	18	chr22:40361342:+	chr5:19981178:-
KIRP	TCGA-P4-A5EB-01A-11R-A28H-07	MARCH6--MTRR	2	18	chr5:10394785:+	chr5:7883155:+
KIRP	TCGA-P4-A5EB-01A-11R-A28H-07	TNRC6B--BASP1	1	22	chr22:40156182:+	chr5:17212120:+
KIRP	TCGA-P4-A5EB-01A-11R-A28H-07	GUSBP11--SHANK3	3	9	chr22:23717031:-	chr22:50698690:+
KIRP	TCGA-P4-A5EB-01A-11R-A28H-07	RNF185--EIF4ENIF1	2	13	chr22:31160303:+	chr22:31471917:-
KIRP	TCGA-P4-A5EB-01A-11R-A28H-07	PDE4D--RNF180	2	12	chr5:59768247:-	chr5:64369615:+
KIRP	TCGA-P4-A5EB-01A-11R-A28H-07	ITGA2--MYO18B	2	9	chr5:53058101:+	chr22:25992363:+
KIRP	TCGA-P4-A5EB-01A-11R-A28H-07	EFCAB6--OSBP2	1	11	chr22:43782180:-	chr22:30694208:+
KIRP	TCGA-P4-A5EB-01A-11R-A28H-07	MAPK12--SSTR3	1	10	chr22:50255197:-	chr22:37207839:-
KIRP	TCGA-P4-A5EB-01A-11R-A28H-07	TTC28--KIAA1671	1	3	chr22:28679622:-	chr22:25190702:+
KIRP	TCGA-P4-A5EB-01A-11R-A28H-07	IPO11--SLC6A19	1	2	chr5:62476753:+	chr5:1218903:+
KIRP	TCGA-P4-AAVM-01A-11R-A42S-07	LTBR--PRSS3	73	301	chr12:6386444:+	chr9:33796643:+
KIRP	TCGA-Q2-A5QZ-01A-11R-A28H-07	DPP4--PDK1	25	93	chr2:162045532:-	chr2:172586278:+
KIRP	TCGA-Q2-A5QZ-01A-11R-A28H-07	SLC25A12--ERICH2	5	13	chr2:171991347:-	chr2:170798041:+
KIRP	TCGA-SX-A7SO-01A-11R-A355-07	SFPQ--TFE3	47	171	chr1:35189003:-	chrX:49040568:-
LGG	TCGA-QH-A6CV-01A-11R-A31N-07	NPNT--GSTCD	22	98	chr4:105898001:+	chr4:105822954:+
LGG	TCGA-QH-A6CV-01A-11R-A31N-07	PRRC2B--NR1H3	16	85	chr9:131444328:+	chr11:47261241:+
LGG	TCGA-QH-A6CV-01A-11R-A31N-07	GNAI3--GPR61	5	16	chr1:109548838:+	chr1:109545311:+
LGG	TCGA-QH-A6CV-01A-11R-A31N-07	TRAF4--FASN	4	17	chr17:28744255:+	chr17:82080922:-
LGG	TCGA-QH-A6CV-01A-11R-A31N-07	ABI2--HEXIM2	2	13	chr2:203367044:+	chr17:45162750:+
LGG	TCGA-QH-A6CW-01A-11R-A32Q-07	RTKN--M1AP	5	67	chr2:74439551:-	chr2:74607223:-
LGG	TCGA-QH-A6X9-01A-12R-A32Q-07	MYCBP2--PIBF1	2	31	chr13:77156058:-	chr13:72973591:+
LGG	TCGA-QH-A6XC-01A-12R-A32Q-07	NRBP1--DROSHA	30	99	chr2:27428731:+	chr5:31410887:-
LGG	TCGA-QH-A6XC-01A-12R-A32Q-07	CTNND2--NRBP1	14	102	chr5:11732136:-	chr2:27433673:+
LGG	TCGA-QH-A6XC-01A-12R-A32Q-07	RER1--DNAH7	3	23	chr1:2403589:+	chr2:195756285:-
LGG	TCGA-QH-A6XC-01A-12R-A32Q-07	C2orf42--MRPL33	2	19	chr2:70248405:-	chr2:27779433:+
LGG	TCGA-QH-A6XC-01A-12R-A32Q-07	TIA1--MRPL33	2	19	chr2:70248405:-	chr2:27779433:+
LGG	TCGA-R8-A6MK-01A-11R-A32Q-07	HIF1A--VRK1	15	62	chr14:61695839:+	chr14:96833467:+
LGG	TCGA-RY-A83Z-01A-11R-A36H-07	BRAP--KLRB1	9	26	chr12:111685711:-	chr12:9601599:-
LGG	TCGA-RY-A83Z-01A-11R-A36H-07	NSD1--RNF130	1	3	chr5:177136030:+	chr5:180040647:-
LGG	TCGA-S9-A6TS-01A-12R-A33Z-07	JAZF1--HOXB-AS3	8	51	chr7:27991909:-	chr17:48603927:+
LGG	TCGA-S9-A6TS-01A-12R-A33Z-07	PARN--PLA2G10	1	9	chr16:14552021:-	chr16:14672749:-
LIHC	TCGA-FV-A496-01A-11R-A266-07	USP9X--ATP6AP2	8	66	chrX:41171958:+	chrX:40605561:+
LIHC	TCGA-FV-A496-01A-11R-A266-07	NPLOC4--ALYREF	3	48	chr17:81600341:-	chr17:81890820:-
LIHC	TCGA-FV-A496-01A-11R-A266-07	C4BPA--MAPKAPK2	5	15	chr1:207134592:+	chr1:206728710:+
LIHC	TCGA-FV-A496-01A-11R-A266-07	CHMP4B--CBFA2T2	7	7	chr20:33811658:+	chr20:33636640:+
LIHC	TCGA-FV-A496-01A-11R-A266-07	MAST3--MAP1S	2	15	chr19:18110741:+	chr19:17720936:+
LIHC	TCGA-FV-A496-01A-11R-A266-07	MYLK--PLXND1	2	13	chr3:123626818:-	chr3:129578433:-
LIHC	TCGA-FV-A496-01A-11R-A266-07	PFDN4--TSHZ2	2	8	chr20:54214458:+	chr20:53487144:+
LIHC	TCGA-FV-A496-01A-11R-A266-07	KCNN3--PBXIP1	1	6	chr1:154733003:-	chr1:154951921:-
LIHC	TCGA-FV-A496-01A-11R-A266-07	OGT--NONO	1	2	chrX:71554592:+	chrX:71296565:+
LIHC	TCGA-FV-A4ZP-01A-12R-A266-07	C22orf39--GNB1L	4	1	chr22:19447378:-	chr22:19802216:-
LIHC	TCGA-FV-A4ZQ-01A-11R-A266-07	IGHG1--RBP4	1	10	chr14:105742065:-	chr10:93600971:-
LIHC	TCGA-FV-A4ZQ-01A-11R-A266-07	BBX--ALCAM	1	3	chr3:107778519:+	chr3:105520067:+
LIHC	TCGA-G3-A25U-01A-11R-A16W-07	CPB2--ZC3H13	98	336	chr13:46073873:-	chr13:45968028:-
LIHC	TCGA-G3-A25U-01A-11R-A16W-07	XPR1--NME7	53	249	chr1:180632270:+	chr1:169169554:-
LIHC	TCGA-G3-A25X-01A-11R-A16W-07	POFUT1--HCK	28	87	chr20:32231061:+	chr20:32101317:+
LIHC	TCGA-G3-A25Y-01A-11R-A16W-07	KIF13B--SMTN	4	20	chr8:29071620:-	chr22:31087965:+
LIHC	TCGA-G3-A3CG-01A-11R-A213-07	NFIC--HMG20B	8	4	chr19:3452666:+	chr19:3573292:+
LIHC	TCGA-G3-A3CG-01A-11R-A213-07	LRCH3--TMEM41A	1	10	chr3:197871462:+	chr3:185483400:-
LIHC	TCGA-G3-A3CG-01A-11R-A213-07	A2M--CLEC2A	1	7	chr12:9068183:-	chr12:9898976:-
LIHC	TCGA-G3-A3CH-01A-11R-A22L-07	DDX60L--CPE	1	5	chr4:168472455:-	chr4:165484422:+
LIHC	TCGA-G3-A3CI-01A-11R-A213-07	SFPQ--TFEB	12	35	chr1:35189003:-	chr6:41691235:-
LIHC	TCGA-G3-A3CI-01A-11R-A213-07	FGB--HP	1	18	chr4:154568494:+	chr16:72059117:+
LUAD	TCGA-78-7539-01A-11R-2066-07	BMPR2--KANSL1L	11	38	chr2:202377550:+	chr2:210098207:-
LUAD	TCGA-78-7539-01A-11R-2066-07	THBS3--HDGF	3	8	chr1:155206200:-	chr1:156745373:-
LUAD	TCGA-93-A4JN-01A-11R-A24X-07	KIF5B--MET	6	43	chr10:32017143:-	chr7:116771849:+
LUAD	TCGA-MP-A4TK-01A-11R-A24X-07	ITGA9--SEC13	75	282	chr3:37750569:+	chr3:10305692:-
LUAD	TCGA-MP-A4TK-01A-11R-A24X-07	ZNF217--PTGIS	23	141	chr20:53597631:-	chr20:49514395:-
LUAD	TCGA-MP-A4TK-01A-11R-A24X-07	TBC1D15--MARS	5	52	chr12:71880607:+	chr12:57487386:+
LUAD	TCGA-MP-A4TK-01A-11R-A24X-07	PCSK5--OSTF1	3	27	chr9:75891373:+	chr9:75146683:+
LUAD	TCGA-MP-A4TK-01A-11R-A24X-07	CCDC117--OSTF1	3	15	chr22:28773778:+	chr9:75146683:+
LUAD	TCGA-MP-A4TK-01A-11R-A24X-07	GPBP1--BDNF	1	18	chr5:57236032:+	chr11:27658585:-
LUAD	TCGA-MP-A4TK-01A-11R-A24X-07	NR2C2--KIF15	1	8	chr3:14962492:+	chr3:44873329:+
LUAD	TCGA-MP-A4TK-01A-11R-A24X-07	TGFBR2--NR2C2	1	6	chr3:30606977:+	chr3:15013589:+
LUAD	TCGA-MP-A5C7-01A-11R-A262-07	KRI1--CCDC151	11	131	chr19:10559359:-	chr19:11424029:-
LUAD	TCGA-MP-A5C7-01A-11R-A262-07	KSR1--EFCAB5	3	20	chr17:27560456:+	chr17:29968791:+
LUAD	TCGA-MP-A5C7-01A-11R-A262-07	MCCC1--MCF2L2	3	13	chr3:183033991:-	chr3:183231212:-
LUAD	TCGA-MP-A5C7-01A-11R-A262-07	TMEM241--SNX29	1	4	chr18:23399566:-	chr16:12398446:+
LUAD	TCGA-NJ-A4YF-01A-12R-A262-07	STK11--ARHGAP45	18	43	chr19:1222006:+	chr19:1080255:+
LUAD	TCGA-NJ-A4YF-01A-12R-A262-07	ZNF490--PRDX2	5	49	chr19:12609158:-	chr19:12797166:-
LUAD	TCGA-NJ-A4YF-01A-12R-A262-07	POLR3E--C16orf52	1	18	chr16:22318946:+	chr16:22075487:+
LUAD	TCGA-NJ-A4YF-01A-12R-A262-07	CEMIP--ARNT2	2	11	chr15:80922137:+	chr15:80450880:+
LUAD	TCGA-NJ-A4YF-01A-12R-A262-07	CTNNA1--PLEKHG4B	1	9	chr5:138827718:+	chr5:113251:+
LUAD	TCGA-NJ-A4YF-01A-12R-A262-07	FAAH--RAD54L	2	5	chr1:46406368:+	chr1:46267459:+
LUAD	TCGA-NJ-A4YF-01A-12R-A262-07	LPCAT3--LRRC23	1	9	chr12:7018274:-	chr12:6882196:+
LUAD	TCGA-NJ-A4YF-01A-12R-A262-07	LPCAT3--RPL13P5	1	9	chr12:7018274:-	chr12:6882196:+
LUAD	TCGA-NJ-A4YF-01A-12R-A262-07	PPP1R3F--CCDC120	1	9	chrX:49282063:+	chrX:49063861:+
LUAD	TCGA-NJ-A4YF-01A-12R-A262-07	KIF1A--C2orf54	2	4	chr2:240742929:-	chr2:240891763:-
LUAD	TCGA-NJ-A4YF-01A-12R-A262-07	PPM1B--ABCG8	2	4	chr2:44218537:+	chr2:43844507:+
LUAD	TCGA-NJ-A4YF-01A-12R-A262-07	RANBP17--GABRP	1	7	chr5:170881896:+	chr5:170811956:+
LUAD	TCGA-NJ-A4YF-01A-12R-A262-07	UBE2E3--WDR70	1	6	chr2:180984093:+	chr5:37697655:+
LUAD	TCGA-NJ-A4YF-01A-12R-A262-07	DHCR24--TADA2B	1	5	chr1:54865303:-	chr4:7054062:+
LUAD	TCGA-NJ-A4YF-01A-12R-A262-07	PLCG2--WWOX	1	4	chr16:81870935:+	chr16:79211608:+
LUSC	TCGA-LA-A7SW-01A-11R-A405-07	FAM98C--BLVRB	85	146	chr19:38403694:+	chr19:40458545:-
LUSC	TCGA-LA-A7SW-01A-11R-A405-07	SLBP--LETM1	19	61	chr4:1711874:-	chr4:1815802:-
LUSC	TCGA-LA-A7SW-01A-11R-A405-07	ROCK1--CDH2	18	61	chr18:20991176:-	chr18:27952359:-
LUSC	TCGA-LA-A7SW-01A-11R-A405-07	PCNX3--PACS1	16	54	chr11:65623644:+	chr11:66238804:+
LUSC	TCGA-LA-A7SW-01A-11R-A405-07	ATP5L--UBE4A	14	59	chr11:118407097:+	chr11:118396314:+
LUSC	TCGA-LA-A7SW-01A-11R-A405-07	URM1--C9orf3	12	22	chr9:128371415:+	chr9:95060694:+
LUSC	TCGA-LA-A7SW-01A-11R-A405-07	BTBD10--PTH	7	41	chr11:13463092:-	chr11:13496173:-
LUSC	TCGA-LA-A7SW-01A-11R-A405-07	EIF2S2--ADRA1D	10	23	chr20:34090517:-	chr20:4222130:-
LUSC	TCGA-LA-A7SW-01A-11R-A405-07	CTCF--E2F4	6	19	chr16:67571264:+	chr16:67194686:+
LUSC	TCGA-LA-A7SW-01A-11R-A405-07	MIGA1--IFI44L	2	35	chr1:77815231:+	chr1:78641021:+
LUSC	TCGA-LA-A7SW-01A-11R-A405-07	TSC2--MAPK8IP3	7	9	chr16:2086871:+	chr16:1759958:+
LUSC	TCGA-LA-A7SW-01A-11R-A405-07	CERS5--LIMA1	4	19	chr12:50167101:-	chr12:50182037:-
LUSC	TCGA-LA-A7SW-01A-11R-A405-07	MAP4K5--ATP5S	1	28	chr14:50475077:-	chr14:50321483:+
LUSC	TCGA-LA-A7SW-01A-11R-A405-07	MNAT1--AP5M1	4	13	chr14:60879835:+	chr14:57274244:+
LUSC	TCGA-LA-A7SW-01A-11R-A405-07	ST6GALNAC3--AK5	3	10	chr1:76074884:+	chr1:77483317:+
LUSC	TCGA-LA-A7SW-01A-11R-A405-07	KPNA6--ZCCHC17	3	9	chr1:32108134:+	chr1:31319109:+
LUSC	TCGA-LA-A7SW-01A-11R-A405-07	ALOX12P2--FBXO39	4	4	chr17:6899985:+	chr17:6786780:+
LUSC	TCGA-LA-A7SW-01A-11R-A405-07	LUC7L3--FLJ40194	3	7	chr17:50746702:+	chr17:49252246:+
LUSC	TCGA-LA-A7SW-01A-11R-A405-07	PHF21A--CKAP5	2	8	chr11:45965315:-	chr11:46783368:-
LUSC	TCGA-LA-A7SW-01A-11R-A405-07	YIF1A--CTSF	1	6	chr11:66287598:-	chr11:66568082:-
LUSC	TCGA-LA-A7SW-01A-11R-A405-07	ODF2--URM1	1000	1000	chr9:128460554:+	chr9:128371319:+
LUSC	TCGA-NC-A5HD-01A-11R-A26W-07	ARL13B--NSUN3	1	8	chr3:94003908:+	chr3:94126211:+
LUSC	TCGA-NC-A5HD-01A-11R-A26W-07	CHEK2--C22orf31	1	5	chr22:28734403:-	chr22:29060843:-
LUSC	TCGA-NC-A5HE-01A-11R-A26W-07	NAB1--GULP1	2	5	chr2:190673152:+	chr2:188584265:+
LUSC	TCGA-NC-A5HF-01A-11R-A26W-07	P4HB--L3MBTL4	7	74	chr17:81855142:-	chr18:6093528:-
LUSC	TCGA-NC-A5HK-01A-11R-A26W-07	MLKL--TMEM231	7	47	chr16:74672268:-	chr16:75539884:-
LUSC	TCGA-NC-A5HK-01A-11R-A26W-07	CLCF1--PPP1CA	2	36	chr11:67373524:-	chr11:67401199:-
LUSC	TCGA-NC-A5HK-01A-11R-A26W-07	ABHD16A--LY6G6F	4	18	chr6:31700942:-	chr6:31707458:+
LUSC	TCGA-NC-A5HK-01A-11R-A26W-07	PSD3--INTS10	1	12	chr8:18936034:-	chr8:19819573:+
LUSC	TCGA-NC-A5HK-01A-11R-A26W-07	C2CD5--CMAS	1	2	chr12:22544061:-	chr12:22055149:+
LUSC	TCGA-NC-A5HL-01A-11R-A26W-07	DGUOK--STAMBP	36	264	chr2:73946906:+	chr2:73870143:+
LUSC	TCGA-NC-A5HL-01A-11R-A26W-07	DPF2--CFL1	11	18	chr11:65333918:+	chr11:65826609:-
LUSC	TCGA-NC-A5HL-01A-11R-A26W-07	TNS1--MIR6513	10	12	chr2:217907210:-	chr2:218280126:-
LUSC	TCGA-NC-A5HL-01A-11R-A26W-07	LRRC8D--TMEM9	5	21	chr1:89821291:+	chr1:201146848:-
LUSC	TCGA-NC-A5HL-01A-11R-A26W-07	SIL1--SMC1B	3	7	chr5:139196441:-	chr22:45383613:-
LUSC	TCGA-NC-A5HL-01A-11R-A26W-07	METTL4--STXBP5L	2	4	chr18:2544195:-	chr3:121223003:+
LUSC	TCGA-NC-A5HL-01A-11R-A26W-07	RASA2--SPSB4	1	5	chr3:141540609:+	chr3:141147142:+
LUSC	TCGA-NC-A5HM-01A-12R-A26W-07	COX7B2--PIP4K2A	2	3	chr4:46909160:-	chr10:22609717:-
LUSC	TCGA-NC-A5HM-01A-12R-A26W-07	SMARCA4--KDM4B	1	6	chr19:10989443:+	chr19:5071010:+
LUSC	TCGA-NC-A5HM-01A-12R-A26W-07	PTPN4--GRID1	1	5	chr2:119809991:+	chr10:85729614:-
LUSC	TCGA-NC-A5HN-01A-11R-A26W-07	GNB1--NADK	21	4	chr1:1890820:-	chr1:1765446:-
LUSC	TCGA-NC-A5HN-01A-11R-A26W-07	FBXO17--ACTN4	2	38	chr19:38975586:-	chr19:38700600:+
LUSC	TCGA-NC-A5HN-01A-11R-A26W-07	RTKN--CTF1	2	21	chr2:74441706:-	chr16:30899415:+
LUSC	TCGA-NC-A5HN-01A-11R-A26W-07	EHBP1--VAV2	3	12	chr2:62874532:+	chr9:133861432:-
LUSC	TCGA-NC-A5HN-01A-11R-A26W-07	TMCC1--QSOX2	2	8	chr3:129827803:-	chr9:136224909:-
LUSC	TCGA-O2-A52V-01A-31R-A262-07	ATP10D--GABRA2	20	79	chr4:47525642:+	chr4:46250604:-
LUSC	TCGA-O2-A52V-01A-31R-A262-07	CUL3--SPAG16	12	72	chr2:224495832:-	chr2:213310059:+
LUSC	TCGA-O2-A52V-01A-31R-A262-07	SPAG16--CUL3	7	59	chr2:213297357:+	chr2:224482078:-
LUSC	TCGA-O2-A52V-01A-31R-A262-07	PRIM2--NKAIN2	3	24	chr6:57326045:+	chr6:124355267:+
LUSC	TCGA-O2-A52V-01A-31R-A262-07	ACIN1--SHTN1	4	17	chr14:23090522:-	chr10:116940612:-
LUSC	TCGA-O2-A5IB-01A-11R-A27Q-07	EXOSC7--ZDHHC3	26	70	chr3:44976334:+	chr3:44959460:-
LUSC	TCGA-O2-A5IB-01A-11R-A27Q-07	ZNF75D--UBR2	7	65	chrX:135341768:-	chr6:42659656:+
LUSC	TCGA-O2-A5IB-01A-11R-A27Q-07	BUB1B--PCM1	2	22	chr15:40176673:+	chr8:17985447:+
LUSC	TCGA-O2-A5IB-01A-11R-A27Q-07	UBAP1--UNC13B	2	16	chr9:34220948:+	chr9:35258993:+
LUSC	TCGA-O2-A5IB-01A-11R-A27Q-07	PPP6R3--MGAM	1	12	chr11:68519651:+	chr7:142005529:+
LUSC	TCGA-XC-AA0X-01A-32R-A405-07	UBA6--TMPRSS11D	2	5	chr4:67629071:-	chr4:67859678:-
LUSC	TCGA-XC-AA0X-01A-32R-A405-07	ZNF850--WTIP	1	7	chr19:36762305:-	chr19:34490376:+
OV	TCGA-36-1571-01A-01R-1566-13	RBM47--EXOC1	95	38	chr4:40544422:-	chr4:55877917:+
OV	TCGA-36-1571-01A-01R-1566-13	DOK5--CLEC17A	6	7	chr20:54643578:+	chr19:14606993:+
OV	TCGA-36-1571-01A-01R-1566-13	EXOC1--XKR3	6	6	chr4:55871233:+	chr22:16808083:-
OV	TCGA-61-1733-01A-01R-1567-13	EHMT1--ATP13A1	18	1	chr9:137717182:+	chr19:19659987:-
OV	TCGA-61-1733-01A-01R-1567-13	PELP1--CAMTA2	17	0	chr17:4674510:-	chr17:4974500:-
OV	TCGA-61-1736-01B-01R-1568-13	SSX2IP--LPAR3	93	34	chr1:84690154:-	chr1:84814171:-
OV	TCGA-61-1736-01B-01R-1568-13	ZMPSTE24--CAP1	89	12	chr1:40272035:+	chr1:40069690:+
OV	TCGA-61-1736-01B-01R-1568-13	YY1AP1--ARHGEF2	15	5	chr1:155668627:-	chr1:155969300:-
OV	TCGA-61-1736-01B-01R-1568-13	GRB7--CDK12	10	1	chr17:39738133:+	chr17:39564760:+
OV	TCGA-61-1738-01A-01R-1567-13	UBE2D2--PAIP2	538	69	chr5:139526612:+	chr5:139363759:+
OV	TCGA-61-1738-01A-01R-1567-13	GDF15--MAST3	95	16	chr19:18386466:+	chr19:18149191:+
OV	TCGA-61-1738-01A-01R-1567-13	NF1--RBX1	94	17	chr17:31095369:+	chr22:40953555:+
OV	TCGA-61-1738-01A-01R-1567-13	NCOA6--SLC10A1	75	14	chr20:34825472:-	chr14:69786307:-
OV	TCGA-61-1738-01A-01R-1567-13	SUMO2--POLR2K	25	6	chr17:75182814:-	chr8:100151347:+
OV	TCGA-61-1738-01A-01R-1567-13	AHDC1--IFI6	25	0	chr1:27547261:-	chr1:27666475:-
OV	TCGA-61-1738-01A-01R-1567-13	ISM2--SPTLC2	18	6	chr14:77498653:-	chr14:77597380:-
OV	TCGA-61-1738-01A-01R-1567-13	DNM2--PDE4A	13	3	chr19:10718403:+	chr19:10446218:+
OV	TCGA-61-1738-01A-01R-1567-13	FOSL2--SNX17	13	3	chr2:28393822:+	chr2:27371269:+
OV	TCGA-61-1738-01A-01R-1567-13	CCSER2--GHITM	10	2	chr10:84328808:+	chr10:84150709:+
OV	TCGA-61-1738-01A-01R-1567-13	FHOD1--PIK3CD-AS2	9	6	chr16:67239348:-	chr1:9681135:-
OV	TCGA-61-1738-01A-01R-1567-13	CTCF--SPSB1	9	5	chr16:67621591:+	chr1:9355743:+
OV	TCGA-61-1738-01A-01R-1567-13	EXOC7--ACHE	6	2	chr17:76087654:-	chr7:100894255:-
OV	TCGA-61-1738-01A-01R-1567-13	ABCC3--KAT7	4	4	chr17:50634981:+	chr17:49815803:+
OV	TCGA-61-2000-01A-01R-1568-13	PLEKHA7--SERGEF	62	9	chr11:17013989:-	chr11:17788413:-
OV	TCGA-61-2000-01A-01R-1568-13	FKBP8--MEF2B	38	4	chr19:18538216:-	chr19:19147832:-
OV	TCGA-61-2000-01A-01R-1568-13	EXO1--WDR64	32	0	chr1:241850586:+	chr1:241787849:+
OV	TCGA-61-2000-01A-01R-1568-13	RNF135--RAB11FIP4	27	3	chr17:30971445:+	chr17:31517651:+
OV	TCGA-61-2000-01A-01R-1568-13	HBP1--LHFPL3	10	1	chr7:107169027:+	chr7:104736675:+
OV	TCGA-61-2111-01A-01R-1568-13	CPD--MYL4	40	9	chr17:30385236:+	chr17:47209389:+
OV	TCGA-61-2111-01A-01R-1568-13	ZC3H7B--SLC9A8	38	10	chr22:41346208:+	chr20:49887829:+
OV	TCGA-61-2111-01A-01R-1568-13	ADSL--PVALB	35	9	chr22:40346711:+	chr22:36800918:-
OV	TCGA-61-2111-01A-01R-1568-13	PTPRF--PHF20	19	7	chr1:43578920:+	chr20:35899370:+
OV	TCGA-61-2111-01A-01R-1568-13	AMDHD2--COG7	10	3	chr16:2521123:+	chr16:23398129:-
OV	TCGA-61-2111-01A-01R-1568-13	TMEM170B--ADTRP	10	2	chr6:11538374:+	chr6:11723500:-
OV	TCGA-61-2111-01A-01R-1568-13	RBL1--CSTA	10	0	chr20:37088989:-	chr3:122337547:+
OV	TCGA-61-2111-01A-01R-1568-13	SSBP3--TOX2	8	3	chr1:54401861:-	chr20:44051306:+
OV	TCGA-61-2111-01A-01R-1568-13	SNN--LITAF	7	6	chr16:11668540:+	chr16:11556735:-
OV	TCGA-61-2111-01A-01R-1568-13	IGF2BP3--P2RY14	6	1	chr7:23317639:-	chr3:151219642:-
OV	TCGA-61-2111-01A-01R-1568-13	PKDCC--CXXC5	5	4	chr2:42057397:+	chr5:139682880:+
OV	TCGA-61-2111-01A-01R-1568-13	ACTR3--POLR1B	5	3	chr2:113890323:+	chr2:112559293:+
OV	TCGA-61-2111-01A-01R-1568-13	FARP1--ABCC2	5	2	chr13:98143492:+	chr10:99807384:+
OV	TCGA-61-2111-01A-01R-1568-13	GRHL2--FLJ42969	4	6	chr8:101649499:+	chr8:101054498:+
OV	TCGA-61-2111-01A-01R-1568-13	TRA2B--NMRAL2P	5	1	chr3:185937825:-	chr3:185971615:+
OV	TCGA-61-2111-01A-01R-1568-13	HECTD4--ZRSR1	4	2	chr12:112265175:-	chr5:112891603:+
OV	TCGA-61-2113-01A-01R-1568-13	TNRC6B--MKL1	9	4	chr22:40178140:+	chr22:40594735:-
OV	TCGA-61-2113-01A-01R-1568-13	NPAS3--ARHGAP5	7	5	chr14:32935003:+	chr14:32117143:+
OV	TCGA-OY-A56Q-01A-11R-A406-31	PPP1R37--CEACAM19	283	129	chr19:45093527:+	chr19:44682567:+
OV	TCGA-OY-A56Q-01A-11R-A406-31	PPP6R3--RACK1	55	14	chr11:68519651:+	chr5:181238239:-
OV	TCGA-WR-A838-01A-12R-A406-31	CIAO1--TMEM127	114	27	chr2:96266489:+	chr2:96254997:-
OV	TCGA-WR-A838-01A-12R-A406-31	POLB--ASH2L	12	1	chr8:42369988:+	chr8:38119270:+
PAAD	TCGA-L1-A7W4-01A-12R-A36G-07	IFNGR2--NUDCD3	98	227	chr21:33432871:+	chr7:44404583:-
PAAD	TCGA-L1-A7W4-01A-12R-A36G-07	PAK4--B9D1	1	83	chr19:39125919:+	chr17:19347880:-
PAAD	TCGA-L1-A7W4-01A-12R-A36G-07	SPINT2--ZNF260	11	27	chr19:38264998:+	chr19:36515699:-
PAAD	TCGA-L1-A7W4-01A-12R-A36G-07	GUCD1--TMEM211	4	40	chr22:24555615:-	chr22:24939552:-
PAAD	TCGA-L1-A7W4-01A-12R-A36G-07	NUDCD3--IFNGR2	3	26	chr7:44425900:-	chr21:33436828:+
PAAD	TCGA-L1-A7W4-01A-12R-A36G-07	FAXC--ASCC3	3	13	chr6:99342898:-	chr6:100512918:-
PAAD	TCGA-L1-A7W4-01A-12R-A36G-07	SH3BP4--LANCL1	2	10	chr2:234995376:+	chr2:210476412:-
PAAD	TCGA-RB-AA9M-01A-11R-A39D-07	AKT2--NSMAF	1	7	chr19:40235890:-	chr8:58595659:-
PAAD	TCGA-RB-AA9M-01A-11R-A39D-07	SLC52A2--HSF1	1	3	chr8:144359423:+	chr8:144311505:+
PAAD	TCGA-S4-A8RO-01A-12R-A37L-07	TTC17--CNTN5	1	2	chr11:43379322:+	chr11:99556145:+
PAAD	TCGA-S4-A8RP-01A-11R-A36G-07	RAB9A--EGFL6	13	35	chrX:13689288:+	chrX:13589556:+
PAAD	TCGA-S4-A8RP-01A-11R-A36G-07	TNRC6B--CBY1	2	5	chr22:40156182:+	chr22:38665546:+
PAAD	TCGA-US-A776-01A-13R-A33R-07	ZNF493--RPL13A	3	3	chr19:21397267:+	chr19:49489850:+
PAAD	TCGA-US-A779-01A-11R-A32O-07	MTAP--PTPRD	24	34	chr9:21838010:+	chr9:9766851:-
PAAD	TCGA-US-A779-01A-11R-A32O-07	AGO2--PCAT1	11	27	chr8:140535468:-	chr8:127006555:+
PAAD	TCGA-US-A779-01A-11R-A32O-07	ATAD2--TATDN1	6	11	chr8:123396187:-	chr8:124495542:-
PAAD	TCGA-XD-AAUI-01A-42R-A41B-07	ANKRD11--DYNLRB2	15	4	chr16:89490245:-	chr16:80549484:+
PAAD	TCGA-XD-AAUI-01A-42R-A41B-07	DDX52--STAT5B	2	8	chr17:37628561:-	chr17:42202808:-
PAAD	TCGA-XD-AAUI-01A-42R-A41B-07	NFRKB--CRTAM	1	3	chr11:129876721:-	chr11:122850068:+
PAAD	TCGA-XN-A8T5-01A-12R-A36G-07	RNF8--HIST1H2AC	2	21	chr6:37360574:+	chr6:26138054:+
PAAD	TCGA-XN-A8T5-01A-12R-A36G-07	DDX39B--ETV7	4	12	chr6:31535367:-	chr6:36385669:-
PAAD	TCGA-XN-A8T5-01A-12R-A36G-07	KCTD20--ZNF311	1	4	chr6:36470257:+	chr6:29004214:-
PAAD	TCGA-XN-A8T5-01A-12R-A36G-07	ROCK1--THNSL1	1	4	chr18:21110818:-	chr10:25021742:+
PCPG	TCGA-W2-A7HC-01A-11R-A35L-07	SOCS5--ADCY2	10	14	chr2:46699449:+	chr5:7520738:+
PCPG	TCGA-WB-A818-01A-11R-A35L-07	CC2D1A--ZMYND8	4	11	chr19:13919202:+	chr20:47310204:-
PRAD	TCGA-YL-A8SA-01A-21R-A37L-07	TMPRSS2--ERG	33	127	chr21:41498119:-	chr21:38445621:-
PRAD	TCGA-YL-A8SA-01A-21R-A37L-07	PTEN--GRID1	12	19	chr10:87931089:+	chr10:85729614:-
PRAD	TCGA-YL-A8SA-01A-21R-A37L-07	BTBD9--LASP1	4	15	chr6:38639800:-	chr17:38878086:+
PRAD	TCGA-YL-A8SA-01A-21R-A37L-07	FOXP1--HRH1	1	3	chr3:71198202:-	chr3:11259003:+
PRAD	TCGA-YL-A8SA-01A-21R-A37L-07	ARHGAP12--SVIL	1	2	chr10:31826304:-	chr10:29686651:-
PRAD	TCGA-YL-A9WL-01A-11R-A41O-07	ZFHX3--ENY2	28	459	chr16:72811577:-	chr8:109343405:+
PRAD	TCGA-YL-A9WL-01A-11R-A41O-07	TMPRSS2--ERG	67	234	chr21:41508081:-	chr21:38445621:-
PRAD	TCGA-YL-A9WL-01A-11R-A41O-07	MBD3--GAK	46	76	chr19:1592618:-	chr4:877809:-
PRAD	TCGA-YL-A9WL-01A-11R-A41O-07	ARHGEF38--ZNF622	17	62	chr4:105552961:+	chr5:16463742:-
PRAD	TCGA-YL-A9WL-01A-11R-A41O-07	URI1--WDR88	14	58	chr19:29942664:+	chr19:33164197:+
PRAD	TCGA-YL-A9WL-01A-11R-A41O-07	GAK--MEX3D	14	30	chr4:881907:-	chr19:1556923:-
PRAD	TCGA-YL-A9WL-01A-11R-A41O-07	ENY2--NSF	4	14	chr8:109340563:+	chr17:46674414:+
PRAD	TCGA-YL-A9WL-01A-11R-A41O-07	IL6ST--LAMC2	6	5	chr5:55951464:-	chr1:183207881:+
PRAD	TCGA-YL-A9WL-01A-11R-A41O-07	SCD5--ANTXR2	4	7	chr4:82798306:-	chr4:80018976:-
PRAD	TCGA-YL-A9WL-01A-11R-A41O-07	BIRC6--EML4	2	9	chr2:32549481:+	chr2:42288227:+
PRAD	TCGA-YL-A9WL-01A-11R-A41O-07	SKIV2L2--BASP1	1	7	chr5:55416132:+	chr5:17275208:+
PRAD	TCGA-YL-A9WL-01A-11R-A41O-07	ATF7IP--TXNRD1	1	5	chr12:14385400:+	chr12:104251527:+
PRAD	TCGA-YL-A9WL-01A-11R-A41O-07	DENND6A--FHIT	1	3	chr3:57692782:-	chr3:59922414:-
PRAD	TCGA-YL-A9WX-01A-21R-A41O-07	TMPRSS2--ERG	26	29	chr21:41508081:-	chr21:38445621:-
PRAD	TCGA-YL-A9WX-01A-21R-A41O-07	SLC45A3--ERG	4	15	chr1:205680394:-	chr21:38445621:-
PRAD	TCGA-YL-A9WY-01A-11R-A41O-07	CSPP1--CPA6	12	117	chr8:67064496:+	chr8:67434240:-
PRAD	TCGA-YL-A9WY-01A-11R-A41O-07	USP6NL--ANKRD16	11	33	chr10:11597631:-	chr10:5862691:-
PRAD	TCGA-YL-A9WY-01A-11R-A41O-07	AKAP10--GID4	4	16	chr17:19936286:-	chr17:18058868:+
PRAD	TCGA-YL-A9WY-01A-11R-A41O-07	ANKIB1--CDK14	4	16	chr7:92246519:+	chr7:91207165:+
PRAD	TCGA-YL-A9WY-01A-11R-A41O-07	PIK3R1--MRPL42	1	15	chr5:68227009:+	chr12:93469189:+
PRAD	TCGA-YL-A9WY-01A-11R-A41O-07	USP6NL--GDI2	2	8	chr10:11597631:-	chr10:5800705:-
PRAD	TCGA-YL-A9WY-01A-11R-A41O-07	JADE2--SGCD	2	5	chr5:134538083:+	chr5:156329534:+
PRAD	TCGA-ZG-A8QW-01A-11R-A37L-07	PVT1--TNFRSF19	3	10	chr8:127890998:+	chr13:23667980:+
PRAD	TCGA-ZG-A8QW-01A-11R-A37L-07	RAPGEF2--RAB3IP	1	9	chr4:159193256:+	chr12:69794437:+
PRAD	TCGA-ZG-A8QW-01A-11R-A37L-07	VPS26A--AGBL4	1	8	chr10:69158211:+	chr1:49045800:-
PRAD	TCGA-ZG-A8QX-01A-11R-A37L-07	RASA1--FAM174A	7	20	chr5:87353235:+	chr5:100562054:+
PRAD	TCGA-ZG-A8QX-01A-11R-A37L-07	GRB10--ZPBP	5	22	chr7:50732272:-	chr7:49937622:-
PRAD	TCGA-ZG-A8QY-01A-11R-A37L-07	CYB561D2--ERC2	3	25	chr3:50350982:+	chr3:56019033:-
PRAD	TCGA-ZG-A8QY-01A-11R-A37L-07	UTP20--SCYL2	4	3	chr12:101319635:+	chr12:100334166:+
PRAD	TCGA-ZG-A8QY-01A-11R-A37L-07	RLIM--FTX	1	8	chrX:74614422:-	chrX:74130947:-
PRAD	TCGA-ZG-A8QY-01A-11R-A37L-07	ERC2--ELP6	2	2	chr3:55992057:-	chr3:47498432:-
PRAD	TCGA-ZG-A8QZ-01A-11R-A37L-07	TMPRSS2--ERG	25	74	chr21:41508081:-	chr21:38445621:-
PRAD	TCGA-ZG-A8QZ-01A-11R-A37L-07	SETD5--GADL1	23	47	chr3:9397977:+	chr3:30857141:-
PRAD	TCGA-ZG-A8QZ-01A-11R-A37L-07	DYNLT1--DUSP15	5	26	chr6:158641319:-	chr20:31869597:-
PRAD	TCGA-ZG-A8QZ-01A-11R-A37L-07	DHRS12--TSC22D1	3	10	chr13:51804054:-	chr13:44436095:-
PRAD	TCGA-ZG-A8QZ-01A-11R-A37L-07	ORC5--R3HDM2	3	8	chr7:104195143:-	chr12:57395818:-
PRAD	TCGA-ZG-A8QZ-01A-11R-A37L-07	SYNJ2--KIF25	2	9	chr6:157982088:+	chr6:168038553:+
PRAD	TCGA-ZG-A8QZ-01A-11R-A37L-07	TSC22D1--CCDC122	2	8	chr13:44573163:-	chr13:43874927:-
PRAD	TCGA-ZG-A9KY-01A-11R-A41O-07	CHD6--PTPRT	14	9	chr20:41618340:-	chr20:42248822:-
PRAD	TCGA-ZG-A9KY-01A-11R-A41O-07	MAST2--ST3GAL3	9	28	chr1:45882395:+	chr1:43899541:+
PRAD	TCGA-ZG-A9KY-01A-11R-A41O-07	GSK3B--SEMA5B	6	38	chr3:119863419:-	chr3:122948709:-
PRAD	TCGA-ZG-A9KY-01A-11R-A41O-07	R3HDM2--ANKRD24	10	22	chr12:57395749:-	chr19:4212475:+
PRAD	TCGA-ZG-A9KY-01A-11R-A41O-07	CCDC22--KRBOX4	10	16	chrX:49243462:+	chrX:46450431:+
PRAD	TCGA-ZG-A9KY-01A-11R-A41O-07	AKT3--ADSS	6	21	chr1:243843125:-	chr1:244437768:-
PRAD	TCGA-ZG-A9KY-01A-11R-A41O-07	KDM4B--ATCAY	5	18	chr19:5047669:+	chr19:3902487:+
PRAD	TCGA-ZG-A9KY-01A-11R-A41O-07	FAF1--TTC39A	4	18	chr1:50655442:-	chr1:51296170:-
PRAD	TCGA-ZG-A9KY-01A-11R-A41O-07	EME2--CLUAP1	4	10	chr16:1780667:+	chr16:3530568:+
PRAD	TCGA-ZG-A9KY-01A-11R-A41O-07	BCAS3--CA4	2	13	chr17:60924500:+	chr17:60170551:+
PRAD	TCGA-ZG-A9KY-01A-11R-A41O-07	CCDC57--RAB40B	1	13	chr17:82151560:-	chr17:82664556:-
PRAD	TCGA-ZG-A9KY-01A-11R-A41O-07	GABRB3--TJP1	2	7	chr15:26772402:-	chr15:29800702:-
PRAD	TCGA-ZG-A9KY-01A-11R-A41O-07	PEMT--TOP3A	1	9	chr17:17576920:-	chr17:18280658:-
PRAD	TCGA-ZG-A9KY-01A-11R-A41O-07	RALGPS2--RASAL2	2	5	chr1:178821704:+	chr1:178390100:+
PRAD	TCGA-ZG-A9KY-01A-11R-A41O-07	SEMA4B--PIAS1	1	3	chr15:90185081:+	chr15:68187542:+
PRAD	TCGA-ZG-A9KY-01A-11R-A41O-07	DTX2--POR	1000	1000	chr7:76463709:+	chr7:75953989:+
PRAD	TCGA-ZG-A9M4-01A-11R-A41O-07	CXADR--HERC1	4	12	chr21:17565611:+	chr15:63616682:-
PRAD	TCGA-ZG-A9M4-01A-11R-A41O-07	ZCCHC14--IMPA2	3	7	chr16:87460008:-	chr18:11999054:+
PRAD	TCGA-ZG-A9M4-01A-11R-A41O-07	LDLRAD4--CD226	2	9	chr18:13438384:+	chr18:69873246:-
PRAD	TCGA-ZG-A9M4-01A-11R-A41O-07	PIK3R3--MYO18A	2	2	chr1:46077515:-	chr17:29096915:-
PRAD	TCGA-ZG-A9M4-01A-11R-A41O-07	JAK1--PDE4B	1	2	chr1:64966333:-	chr1:65913245:+
PRAD	TCGA-ZG-A9MC-01A-31R-A41O-07	SP3--SLC8A1	5	25	chr2:173954873:-	chr2:40115629:-
PRAD	TCGA-ZG-A9MC-01A-31R-A41O-07	TMPRSS2--ERG	7	10	chr21:41508081:-	chr21:38584945:-
PRAD	TCGA-ZG-A9N3-01A-11R-A41O-07	TTC6--POLR3A	12	14	chr14:37596008:+	chr10:78004888:-
PRAD	TCGA-ZG-A9N3-01A-11R-A41O-07	GDE1--TIAL1	7	25	chr16:19517014:-	chr10:119588248:-
PRAD	TCGA-ZG-A9N3-01A-11R-A41O-07	TMPRSS2--ERG	8	6	chr21:41508081:-	chr21:38445621:-
PRAD	TCGA-ZG-A9N3-01A-11R-A41O-07	POLR3A--TTC6	6	10	chr10:78007702:-	chr14:37841445:+
PRAD	TCGA-ZG-A9N3-01A-11R-A41O-07	ZNF789--RPL37A	2	16	chr7:99479787:+	chr2:216519332:+
PRAD	TCGA-ZG-A9N3-01A-11R-A41O-07	NDUFB1--PPP4R3A	1	2	chr14:92121642:-	chr14:91475966:-
PRAD	TCGA-ZG-A9N3-01A-11R-A41O-07	DSG2--TTR	1000	1000	chr18:31498295:+	chr18:31592895:+
PRAD	TCGA-ZG-A9NI-01A-11R-A41O-07	CDK7--SH3BGR	5	9	chr5:69235453:+	chr21:39499823:+
PRAD	TCGA-ZG-A9NI-01A-11R-A41O-07	TMEFF2--RLIM	3	7	chr2:192179668:-	chrX:74596000:-
SARC	TCGA-VT-A80J-01A-11R-A36F-07	PNPLA8--SEM1	12	138	chr7:108526029:-	chr7:96694891:-
SARC	TCGA-VT-A80J-01A-11R-A36F-07	ATF6--TENM3	12	12	chr1:161792327:+	chr4:182600924:+
SARC	TCGA-VT-A80J-01A-11R-A36F-07	PPFIA1--BBOX1	7	12	chr11:70356254:+	chr11:27115452:+
SARC	TCGA-VT-A80J-01A-11R-A36F-07	MYO5A--NEDD4	5	14	chr15:52340196:-	chr15:55924699:-
SARC	TCGA-VT-A80J-01A-11R-A36F-07	SMAD3--INTS14	5	14	chr15:67066360:+	chr15:65584888:-
SARC	TCGA-VT-A80J-01A-11R-A36F-07	GNG12--PLXNA2	2	5	chr1:67833344:-	chr1:208084580:-
SARC	TCGA-VT-A80J-01A-11R-A36F-07	MGA--CHP1	1	6	chr15:41621298:+	chr15:41270557:+
SARC	TCGA-VT-A80J-01A-11R-A36F-07	MOSPD2--ARHGAP6	1	3	chrX:14873758:+	chrX:11182118:-
SARC	TCGA-VT-A80J-01A-11R-A36F-07	HSPB11--CACHD1	1	2	chr1:53939985:-	chr1:64679595:+
SARC	TCGA-WK-A8Y0-01A-11R-A41I-07	DHX8--SPACA3	130	579	chr17:43484185:+	chr17:32996843:+
SARC	TCGA-WK-A8Y0-01A-11R-A41I-07	ACLY--TAF15	84	526	chr17:41897749:-	chr17:35836132:+
SARC	TCGA-WK-A8Y0-01A-11R-A41I-07	ALKBH5--NUF2	2	24	chr17:18185013:+	chr1:163336751:+
SARC	TCGA-WK-A8Y0-01A-11R-A41I-07	SOCS6--PMS1	2	6	chr18:70289090:+	chr2:189873496:+
SARC	TCGA-WK-A8Y0-01A-11R-A41I-07	ATP6V0A1--THCAT158	1	6	chr17:42501304:+	chr17:47303782:-
SARC	TCGA-Z4-A9VC-01A-11R-A37L-07	DDIT3--FUS	3	23	chr12:57520418:-	chr16:31189665:+
SARC	TCGA-Z4-AAPG-01A-11R-A39D-07	PDGFRA--USP8	15	66	chr4:54290554:+	chr15:50459000:+
SKCM	TCGA-GN-A8LN-01A-11R-A37K-07	CABIN1--POLR2F	33	174	chr22:24134415:+	chr22:37956773:+
SKCM	TCGA-GN-A8LN-01A-11R-A37K-07	SHANK3--ADM2	17	46	chr22:50722437:+	chr22:50486270:+
SKCM	TCGA-GN-A8LN-01A-11R-A37K-07	SGSM3--DEFB126	9	39	chr22:40370688:+	chr20:145415:+
SKCM	TCGA-GN-A8LN-01A-11R-A37K-07	PDE3B--PLCXD3	4	15	chr11:14867758:+	chr5:41313770:-
SKCM	TCGA-GN-A8LN-01A-11R-A37K-07	PARVB--RRP7BP	4	9	chr22:44136518:+	chr22:42556674:-
SKCM	TCGA-GN-A8LN-01A-11R-A37K-07	MKL1--SDCBP2	3	3	chr22:40636478:-	chr20:1320435:-
SKCM	TCGA-GN-A8LN-01A-11R-A37K-07	SHANK3--MIOX	1	7	chr22:50722437:+	chr22:50487385:+
SKCM	TCGA-LH-A9QB-06A-11R-A38C-07	UQCC1--RBM39	1	5	chr20:35381918:-	chr20:35739017:-
SKCM	TCGA-OD-A75X-06A-12R-A32P-07	STXBP5--SAMD5	35	236	chr6:147316407:+	chr6:147564394:+
SKCM	TCGA-OD-A75X-06A-12R-A32P-07	DLEU2--CAB39L	10	35	chr13:50125302:-	chr13:49344238:-
SKCM	TCGA-OD-A75X-06A-12R-A32P-07	ZNRF3--MYH9	4	5	chr22:28884066:+	chr22:36297014:-
SKCM	TCGA-OD-A75X-06A-12R-A32P-07	SAR1A--HNRNPF	1	3	chr10:70170413:-	chr10:43396590:-
SKCM	TCGA-YD-A89C-06A-11R-A37K-07	DNAH14--ARF1	53	398	chr1:224929835:+	chr1:228097078:+
SKCM	TCGA-YD-A89C-06A-11R-A37K-07	SLC22A23--LRRC49	36	124	chr6:3410188:-	chr15:70904552:+
SKCM	TCGA-YD-A89C-06A-11R-A37K-07	NUP153--MESP1	19	109	chr6:17706277:-	chr15:89750227:-
SKCM	TCGA-YD-A89C-06A-11R-A37K-07	OBSCN--KCNK2	13	92	chr1:228337383:+	chr1:215194953:+
SKCM	TCGA-YD-A89C-06A-11R-A37K-07	CORO2B--SLC22A23	7	23	chr15:68579277:+	chr6:3415855:-
SKCM	TCGA-YD-A89C-06A-11R-A37K-07	BTBD9--CHSY1	1	9	chr6:38577600:-	chr15:101178980:-
SKCM	TCGA-YD-A89C-06A-11R-A37K-07	CHSY1--BTBD9	1	7	chr15:101235082:-	chr6:38580437:-
SKCM	TCGA-YG-AA3O-06A-11R-A38C-07	GSE1--C16orf74	125	464	chr16:85648751:+	chr16:85690777:-
SKCM	TCGA-YG-AA3O-06A-11R-A38C-07	SPG7--GSE1	35	474	chr16:89532636:+	chr16:85648552:+
SKCM	TCGA-YG-AA3O-06A-11R-A38C-07	JAZF1--CREB5	37	89	chr7:28180463:-	chr7:28570365:+
SKCM	TCGA-YG-AA3O-06A-11R-A38C-07	TERF2IP--CMTM1	26	116	chr16:75648552:+	chr16:66577104:+
SKCM	TCGA-YG-AA3O-06A-11R-A38C-07	TERF2IP--CKLF	12	99	chr16:75648552:+	chr16:66565886:+
SKCM	TCGA-YG-AA3O-06A-11R-A38C-07	PAFAH1B1--ABR	29	25	chr17:2594006:+	chr17:1058867:-
SKCM	TCGA-YG-AA3O-06A-11R-A38C-07	CLIP2--GTF2I	2	27	chr7:74380863:+	chr7:74689124:+
SKCM	TCGA-YG-AA3O-06A-11R-A38C-07	CREB5--JAZF1	2	3	chr7:28507737:+	chr7:27991981:-
SKCM	TCGA-YG-AA3P-06A-11R-A38C-07	UBE2V1--PAAF1	15	121	chr20:50096672:-	chr11:73899146:+
SKCM	TCGA-YG-AA3P-06A-11R-A38C-07	CTTN--PPP6R3	17	98	chr11:70425401:+	chr11:68583043:+
SKCM	TCGA-YG-AA3P-06A-11R-A38C-07	GAB2--ELMO2	16	74	chr11:78417646:-	chr20:46387419:-
SKCM	TCGA-YG-AA3P-06A-11R-A38C-07	PPP6R3--ACER3	13	55	chr11:68537891:+	chr11:76976289:+
SKCM	TCGA-YG-AA3P-06A-11R-A38C-07	RPL7L1--UBR2	8	68	chr6:42880966:+	chr6:42683055:+
SKCM	TCGA-YG-AA3P-06A-11R-A38C-07	RSF1--NARS2	13	43	chr11:77820528:-	chr11:78443758:-
SKCM	TCGA-YG-AA3P-06A-11R-A38C-07	FAM104A--ACLY	11	18	chr17:73227165:-	chr17:41901813:-
SKCM	TCGA-YG-AA3P-06A-11R-A38C-07	CCND1--ANO1	10	8	chr11:69643991:+	chr11:70078542:+
SKCM	TCGA-YG-AA3P-06A-11R-A38C-07	USP35--CHRDL2	3	18	chr11:78200808:+	chr11:74718832:-
SKCM	TCGA-YG-AA3P-06A-11R-A38C-07	GAB2--PTPRT	5	9	chr11:78417646:-	chr20:42199388:-
SKCM	TCGA-YG-AA3P-06A-11R-A38C-07	MRPL48--NARS2	5	7	chr11:73825796:+	chr11:78528936:-
SKCM	TCGA-YG-AA3P-06A-11R-A38C-07	ATP6V0A1--STAT5B	3	9	chr17:42458963:+	chr17:42232137:-
SKCM	TCGA-YG-AA3P-06A-11R-A38C-07	UVRAG--P4HA3	1	15	chr11:75912039:+	chr11:74304412:-
SKCM	TCGA-YG-AA3P-06A-11R-A38C-07	ARRB1--PAK1	3	4	chr11:75351588:-	chr11:77392541:-
SKCM	TCGA-YG-AA3P-06A-11R-A38C-07	RBM38--CAPN5	1	12	chr20:57393333:+	chr11:77112589:+
SKCM	TCGA-YG-AA3P-06A-11R-A38C-07	ZSWIM3--PTPRT	1	4	chr20:45857980:+	chr20:42885932:-
SKCM	TCGA-Z2-AA3S-06A-11R-A39D-07	SNRK--SUCLG2	50	386	chr3:43286675:+	chr3:67400851:-
SKCM	TCGA-Z2-AA3S-06A-11R-A39D-07	HOXD3--MTX2	3	19	chr2:176136999:+	chr2:176296860:+
SKCM	TCGA-Z2-AA3S-06A-11R-A39D-07	SHTN1--HSPA12A	6	7	chr10:116968652:-	chr10:116707285:-
SKCM	TCGA-Z2-AA3S-06A-11R-A39D-07	ALK--STK39	2	3	chr2:29717578:-	chr2:168182090:-
SKCM	TCGA-Z2-AA3S-06A-11R-A39D-07	FHIT--ARHGEF3	1	3	chr3:61200617:-	chr3:56882354:-
SKCM	TCGA-Z2-AA3V-06A-11R-A39D-07	KCNAB2--ACOT7	1	12	chr1:6040645:+	chr1:6349866:-
SKCM	TCGA-Z2-AA3V-06A-11R-A39D-07	MYH10--RHBDD2	3	3	chr17:8546544:-	chr7:75881365:+
TGCT	TCGA-2G-AAM2-01A-11R-A430-07	FBLIM1--DDI2	2	7	chr1:15758848:+	chr1:15659837:+
TGCT	TCGA-S6-A8JY-01A-11R-A431-07	LRP6--LRRC23	12	64	chr12:12244262:-	chr12:6905585:+
TGCT	TCGA-S6-A8JY-01A-11R-A431-07	PDCL--NCS1	1	8	chr9:122828471:-	chr9:130217832:+
TGCT	TCGA-XE-A8H5-01A-11R-A431-07	CCDC62--KNTC1	1	5	chr12:122777683:+	chr12:122601536:+
TGCT	TCGA-XE-AANJ-01A-11R-A431-07	MAP4--TENM4	11	35	chr3:47914817:-	chr11:79070009:-
TGCT	TCGA-XE-AANR-01A-11R-A431-07	SOS1--MAP4K3	2	3	chr2:39051144:-	chr2:39378123:-
TGCT	TCGA-XY-A89B-01A-11R-A431-07	PREX1--STAU1	1	2	chr20:48627548:-	chr20:49151747:-
THCA	TCGA-ET-A3BU-01A-11R-A19O-07	RAF1--AGGF1	1	4	chr3:12604136:-	chr5:77046347:+
THCA	TCGA-H2-A3RI-01A-11R-A220-07	CHPT1--GNPTAB	1000	1000	chr12:101742507:+	chr12:101796540:-
THCA	TCGA-J8-A3O1-01A-11R-A21D-07	MKRN1--BRAF	14	49	chr7:140459007:-	chr7:140787584:-
